image_url,text
https://raw.githubusercontent.com/roddie-digital/gits-sac/main/images/sacs1d1e1-02-30.jpg,Stand Alone Complex s01e01 Public Security Section 9 - SECTION-9 #GhostInTheShell
https://raw.githubusercontent.com/roddie-digital/gits-sac/main/images/sacs1d1e1-03-00.jpg,Stand Alone Complex s01e01 Public Security Section 9 - SECTION-9 #GhostInTheShell
https://raw.githubusercontent.com/roddie-digital/gits-sac/main/images/sacs1d1e1-03-30.jpg,Stand Alone Complex s01e01 Public Security Section 9 - SECTION-9 #GhostInTheShell
https://raw.githubusercontent.com/roddie-digital/gits-sac/main/images/sacs1d1e1-04-30.jpg,Stand Alone Complex s01e01 Public Security Section 9 - SECTION-9 #GhostInTheShell
https://raw.githubusercontent.com/roddie-digital/gits-sac/main/images/sacs1d1e1-05-00.jpg,Stand Alone Complex s01e01 Public Security Section 9 - SECTION-9 #GhostInTheShell
https://raw.githubusercontent.com/roddie-digital/gits-sac/main/images/sacs1d1e1-05-30.jpg,Stand Alone Complex s01e01 Public Security Section 9 - SECTION-9 #GhostInTheShell
https://raw.githubusercontent.com/roddie-digital/gits-sac/main/images/sacs1d1e1-06-00.jpg,Stand Alone Complex s01e01 Public Security Section 9 - SECTION-9 #GhostInTheShell
https://raw.githubusercontent.com/roddie-digital/gits-sac/main/images/sacs1d1e1-06-30.jpg,Stand Alone Complex s01e01 Public Security Section 9 - SECTION-9 #GhostInTheShell
https://raw.githubusercontent.com/roddie-digital/gits-sac/main/images/sacs1d1e1-07-00.jpg,Stand Alone Complex s01e01 Public Security Section 9 - SECTION-9 #GhostInTheShell
https://raw.githubusercontent.com/roddie-digital/gits-sac/main/images/sacs1d1e1-07-30.jpg,Stand Alone Complex s01e01 Public Security Section 9 - SECTION-9 #GhostInTheShell
https://raw.githubusercontent.com/roddie-digital/gits-sac/main/images/sacs1d1e1-08-00.jpg,Stand Alone Complex s01e01 Public Security Section 9 - SECTION-9 #GhostInTheShell
https://raw.githubusercontent.com/roddie-digital/gits-sac/main/images/sacs1d1e1-08-30.jpg,Stand Alone Complex s01e01 Public Security Section 9 - SECTION-9 #GhostInTheShell
https://raw.githubusercontent.com/roddie-digital/gits-sac/main/images/sacs1d1e1-09-00.jpg,Stand Alone Complex s01e01 Public Security Section 9 - SECTION-9 #GhostInTheShell
https://raw.githubusercontent.com/roddie-digital/gits-sac/main/images/sacs1d1e1-09-30.jpg,Stand Alone Complex s01e01 Public Security Section 9 - SECTION-9 #GhostInTheShell
https://raw.githubusercontent.com/roddie-digital/gits-sac/main/images/sacs1d1e1-10-00.jpg,Stand Alone Complex s01e01 Public Security Section 9 - SECTION-9 #GhostInTheShell
https://raw.githubusercontent.com/roddie-digital/gits-sac/main/images/sacs1d1e1-11-00.jpg,Stand Alone Complex s01e01 Public Security Section 9 - SECTION-9 #GhostInTheShell
https://raw.githubusercontent.com/roddie-digital/gits-sac/main/images/sacs1d1e1-11-30.jpg,Stand Alone Complex s01e01 Public Security Section 9 - SECTION-9 #GhostInTheShell
https://raw.githubusercontent.com/roddie-digital/gits-sac/main/images/sacs1d1e1-12-00.jpg,Stand Alone Complex s01e01 Public Security Section 9 - SECTION-9 #GhostInTheShell
https://raw.githubusercontent.com/roddie-digital/gits-sac/main/images/sacs1d1e1-12-30.jpg,Stand Alone Complex s01e01 Public Security Section 9 - SECTION-9 #GhostInTheShell
https://raw.githubusercontent.com/roddie-digital/gits-sac/main/images/sacs1d1e1-13-00.jpg,Stand Alone Complex s01e01 Public Security Section 9 - SECTION-9 #GhostInTheShell
https://raw.githubusercontent.com/roddie-digital/gits-sac/main/images/sacs1d1e1-13-30.jpg,Stand Alone Complex s01e01 Public Security Section 9 - SECTION-9 #GhostInTheShell
https://raw.githubusercontent.com/roddie-digital/gits-sac/main/images/sacs1d1e1-14-00.jpg,Stand Alone Complex s01e01 Public Security Section 9 - SECTION-9 #GhostInTheShell
https://raw.githubusercontent.com/roddie-digital/gits-sac/main/images/sacs1d1e1-14-30.jpg,Stand Alone Complex s01e01 Public Security Section 9 - SECTION-9 #GhostInTheShell
https://raw.githubusercontent.com/roddie-digital/gits-sac/main/images/sacs1d1e1-15-00.jpg,Stand Alone Complex s01e01 Public Security Section 9 - SECTION-9 #GhostInTheShell
https://raw.githubusercontent.com/roddie-digital/gits-sac/main/images/sacs1d1e1-15-30.jpg,Stand Alone Complex s01e01 Public Security Section 9 - SECTION-9 #GhostInTheShell
https://raw.githubusercontent.com/roddie-digital/gits-sac/main/images/sacs1d1e1-16-00.jpg,Stand Alone Complex s01e01 Public Security Section 9 - SECTION-9 #GhostInTheShell
https://raw.githubusercontent.com/roddie-digital/gits-sac/main/images/sacs1d1e1-16-30.jpg,Stand Alone Complex s01e01 Public Security Section 9 - SECTION-9 #GhostInTheShell
https://raw.githubusercontent.com/roddie-digital/gits-sac/main/images/sacs1d1e1-17-00.jpg,Stand Alone Complex s01e01 Public Security Section 9 - SECTION-9 #GhostInTheShell
https://raw.githubusercontent.com/roddie-digital/gits-sac/main/images/sacs1d1e1-17-30.jpg,Stand Alone Complex s01e01 Public Security Section 9 - SECTION-9 #GhostInTheShell
https://raw.githubusercontent.com/roddie-digital/gits-sac/main/images/sacs1d1e1-18-00.jpg,Stand Alone Complex s01e01 Public Security Section 9 - SECTION-9 #GhostInTheShell
https://raw.githubusercontent.com/roddie-digital/gits-sac/main/images/sacs1d1e1-18-30.jpg,Stand Alone Complex s01e01 Public Security Section 9 - SECTION-9 #GhostInTheShell
https://raw.githubusercontent.com/roddie-digital/gits-sac/main/images/sacs1d1e1-19-00.jpg,Stand Alone Complex s01e01 Public Security Section 9 - SECTION-9 #GhostInTheShell
https://raw.githubusercontent.com/roddie-digital/gits-sac/main/images/sacs1d1e1-19-30.jpg,Stand Alone Complex s01e01 Public Security Section 9 - SECTION-9 #GhostInTheShell
https://raw.githubusercontent.com/roddie-digital/gits-sac/main/images/sacs1d1e1-20-00.jpg,Stand Alone Complex s01e01 Public Security Section 9 - SECTION-9 #GhostInTheShell
https://raw.githubusercontent.com/roddie-digital/gits-sac/main/images/sacs1d1e1-20-30.jpg,Stand Alone Complex s01e01 Public Security Section 9 - SECTION-9 #GhostInTheShell
https://raw.githubusercontent.com/roddie-digital/gits-sac/main/images/sacs1d1e1-21-00.jpg,Stand Alone Complex s01e01 Public Security Section 9 - SECTION-9 #GhostInTheShell
https://raw.githubusercontent.com/roddie-digital/gits-sac/main/images/sacs1d1e1-21-30.jpg,Stand Alone Complex s01e01 Public Security Section 9 - SECTION-9 #GhostInTheShell
https://raw.githubusercontent.com/roddie-digital/gits-sac/main/images/sacs1d1e1-22-00.jpg,Stand Alone Complex s01e01 Public Security Section 9 - SECTION-9 #GhostInTheShell
https://raw.githubusercontent.com/roddie-digital/gits-sac/main/images/sacs1d1e1-22-30.jpg,Stand Alone Complex s01e01 Public Security Section 9 - SECTION-9 #GhostInTheShell
https://raw.githubusercontent.com/roddie-digital/gits-sac/main/images/sacs1d1e1-25-00.jpg,Stand Alone Complex s01e01 Public Security Section 9 - SECTION-9 #GhostInTheShell
https://raw.githubusercontent.com/roddie-digital/gits-sac/main/images/sacs1d1e1-25-30.jpg,Stand Alone Complex s01e01 Public Security Section 9 - SECTION-9 #GhostInTheShell
https://raw.githubusercontent.com/roddie-digital/gits-sac/main/images/sacs1d1e2-02-30.jpg,Stand Alone Complex s01e02 Runaway Evidence - TESTATION #GhostInTheShell
https://raw.githubusercontent.com/roddie-digital/gits-sac/main/images/sacs1d1e2-03-00.jpg,Stand Alone Complex s01e02 Runaway Evidence - TESTATION #GhostInTheShell
https://raw.githubusercontent.com/roddie-digital/gits-sac/main/images/sacs1d1e2-03-30.jpg,Stand Alone Complex s01e02 Runaway Evidence - TESTATION #GhostInTheShell
https://raw.githubusercontent.com/roddie-digital/gits-sac/main/images/sacs1d1e2-04-00.jpg,Stand Alone Complex s01e02 Runaway Evidence - TESTATION #GhostInTheShell
https://raw.githubusercontent.com/roddie-digital/gits-sac/main/images/sacs1d1e2-04-30.jpg,Stand Alone Complex s01e02 Runaway Evidence - TESTATION #GhostInTheShell
https://raw.githubusercontent.com/roddie-digital/gits-sac/main/images/sacs1d1e2-05-00.jpg,Stand Alone Complex s01e02 Runaway Evidence - TESTATION #GhostInTheShell
https://raw.githubusercontent.com/roddie-digital/gits-sac/main/images/sacs1d1e2-05-30.jpg,Stand Alone Complex s01e02 Runaway Evidence - TESTATION #GhostInTheShell
https://raw.githubusercontent.com/roddie-digital/gits-sac/main/images/sacs1d1e2-06-00.jpg,Stand Alone Complex s01e02 Runaway Evidence - TESTATION #GhostInTheShell
https://raw.githubusercontent.com/roddie-digital/gits-sac/main/images/sacs1d1e2-07-00.jpg,Stand Alone Complex s01e02 Runaway Evidence - TESTATION #GhostInTheShell
https://raw.githubusercontent.com/roddie-digital/gits-sac/main/images/sacs1d1e2-07-30.jpg,Stand Alone Complex s01e02 Runaway Evidence - TESTATION #GhostInTheShell
https://raw.githubusercontent.com/roddie-digital/gits-sac/main/images/sacs1d1e2-08-00.jpg,Stand Alone Complex s01e02 Runaway Evidence - TESTATION #GhostInTheShell
https://raw.githubusercontent.com/roddie-digital/gits-sac/main/images/sacs1d1e2-08-30.jpg,Stand Alone Complex s01e02 Runaway Evidence - TESTATION #GhostInTheShell
https://raw.githubusercontent.com/roddie-digital/gits-sac/main/images/sacs1d1e2-09-00.jpg,Stand Alone Complex s01e02 Runaway Evidence - TESTATION #GhostInTheShell
https://raw.githubusercontent.com/roddie-digital/gits-sac/main/images/sacs1d1e2-09-30.jpg,Stand Alone Complex s01e02 Runaway Evidence - TESTATION #GhostInTheShell
https://raw.githubusercontent.com/roddie-digital/gits-sac/main/images/sacs1d1e2-10-00.jpg,Stand Alone Complex s01e02 Runaway Evidence - TESTATION #GhostInTheShell
https://raw.githubusercontent.com/roddie-digital/gits-sac/main/images/sacs1d1e2-10-30.jpg,Stand Alone Complex s01e02 Runaway Evidence - TESTATION #GhostInTheShell
https://raw.githubusercontent.com/roddie-digital/gits-sac/main/images/sacs1d1e2-11-00.jpg,Stand Alone Complex s01e02 Runaway Evidence - TESTATION #GhostInTheShell
https://raw.githubusercontent.com/roddie-digital/gits-sac/main/images/sacs1d1e2-11-30.jpg,Stand Alone Complex s01e02 Runaway Evidence - TESTATION #GhostInTheShell
https://raw.githubusercontent.com/roddie-digital/gits-sac/main/images/sacs1d1e2-12-00.jpg,Stand Alone Complex s01e02 Runaway Evidence - TESTATION #GhostInTheShell
https://raw.githubusercontent.com/roddie-digital/gits-sac/main/images/sacs1d1e2-12-30.jpg,Stand Alone Complex s01e02 Runaway Evidence - TESTATION #GhostInTheShell
https://raw.githubusercontent.com/roddie-digital/gits-sac/main/images/sacs1d1e2-13-00.jpg,Stand Alone Complex s01e02 Runaway Evidence - TESTATION #GhostInTheShell
https://raw.githubusercontent.com/roddie-digital/gits-sac/main/images/sacs1d1e2-13-30.jpg,Stand Alone Complex s01e02 Runaway Evidence - TESTATION #GhostInTheShell
https://raw.githubusercontent.com/roddie-digital/gits-sac/main/images/sacs1d1e2-14-00.jpg,Stand Alone Complex s01e02 Runaway Evidence - TESTATION #GhostInTheShell
https://raw.githubusercontent.com/roddie-digital/gits-sac/main/images/sacs1d1e2-14-30.jpg,Stand Alone Complex s01e02 Runaway Evidence - TESTATION #GhostInTheShell
https://raw.githubusercontent.com/roddie-digital/gits-sac/main/images/sacs1d1e2-15-00.jpg,Stand Alone Complex s01e02 Runaway Evidence - TESTATION #GhostInTheShell
https://raw.githubusercontent.com/roddie-digital/gits-sac/main/images/sacs1d1e2-15-30.jpg,Stand Alone Complex s01e02 Runaway Evidence - TESTATION #GhostInTheShell
https://raw.githubusercontent.com/roddie-digital/gits-sac/main/images/sacs1d1e2-16-30.jpg,Stand Alone Complex s01e02 Runaway Evidence - TESTATION #GhostInTheShell
https://raw.githubusercontent.com/roddie-digital/gits-sac/main/images/sacs1d1e2-17-00.jpg,Stand Alone Complex s01e02 Runaway Evidence - TESTATION #GhostInTheShell
https://raw.githubusercontent.com/roddie-digital/gits-sac/main/images/sacs1d1e2-18-00.jpg,Stand Alone Complex s01e02 Runaway Evidence - TESTATION #GhostInTheShell
https://raw.githubusercontent.com/roddie-digital/gits-sac/main/images/sacs1d1e2-18-30.jpg,Stand Alone Complex s01e02 Runaway Evidence - TESTATION #GhostInTheShell
https://raw.githubusercontent.com/roddie-digital/gits-sac/main/images/sacs1d1e2-19-00.jpg,Stand Alone Complex s01e02 Runaway Evidence - TESTATION #GhostInTheShell
https://raw.githubusercontent.com/roddie-digital/gits-sac/main/images/sacs1d1e2-19-30.jpg,Stand Alone Complex s01e02 Runaway Evidence - TESTATION #GhostInTheShell
https://raw.githubusercontent.com/roddie-digital/gits-sac/main/images/sacs1d1e2-20-00.jpg,Stand Alone Complex s01e02 Runaway Evidence - TESTATION #GhostInTheShell
https://raw.githubusercontent.com/roddie-digital/gits-sac/main/images/sacs1d1e2-20-30.jpg,Stand Alone Complex s01e02 Runaway Evidence - TESTATION #GhostInTheShell
https://raw.githubusercontent.com/roddie-digital/gits-sac/main/images/sacs1d1e2-21-00.jpg,Stand Alone Complex s01e02 Runaway Evidence - TESTATION #GhostInTheShell
https://raw.githubusercontent.com/roddie-digital/gits-sac/main/images/sacs1d1e2-21-30.jpg,Stand Alone Complex s01e02 Runaway Evidence - TESTATION #GhostInTheShell
https://raw.githubusercontent.com/roddie-digital/gits-sac/main/images/sacs1d1e2-22-00.jpg,Stand Alone Complex s01e02 Runaway Evidence - TESTATION #GhostInTheShell
https://raw.githubusercontent.com/roddie-digital/gits-sac/main/images/sacs1d1e2-22-30.jpg,Stand Alone Complex s01e02 Runaway Evidence - TESTATION #GhostInTheShell
https://raw.githubusercontent.com/roddie-digital/gits-sac/main/images/sacs1d1e2-25-00.jpg,Stand Alone Complex s01e02 Runaway Evidence - TESTATION #GhostInTheShell
https://raw.githubusercontent.com/roddie-digital/gits-sac/main/images/sacs1d1e2-25-30.jpg,Stand Alone Complex s01e02 Runaway Evidence - TESTATION #GhostInTheShell
https://raw.githubusercontent.com/roddie-digital/gits-sac/main/images/sacs1d1e3-02-00.jpg,Stand Alone Complex s01e03 A Modest Rebellion - ANDROID AND I #GhostInTheShell
https://raw.githubusercontent.com/roddie-digital/gits-sac/main/images/sacs1d1e3-02-30.jpg,Stand Alone Complex s01e03 A Modest Rebellion - ANDROID AND I #GhostInTheShell
https://raw.githubusercontent.com/roddie-digital/gits-sac/main/images/sacs1d1e3-03-00.jpg,Stand Alone Complex s01e03 A Modest Rebellion - ANDROID AND I #GhostInTheShell
https://raw.githubusercontent.com/roddie-digital/gits-sac/main/images/sacs1d1e3-03-30.jpg,Stand Alone Complex s01e03 A Modest Rebellion - ANDROID AND I #GhostInTheShell
https://raw.githubusercontent.com/roddie-digital/gits-sac/main/images/sacs1d1e3-04-00.jpg,Stand Alone Complex s01e03 A Modest Rebellion - ANDROID AND I #GhostInTheShell
https://raw.githubusercontent.com/roddie-digital/gits-sac/main/images/sacs1d1e3-04-30.jpg,Stand Alone Complex s01e03 A Modest Rebellion - ANDROID AND I #GhostInTheShell
https://raw.githubusercontent.com/roddie-digital/gits-sac/main/images/sacs1d1e3-05-00.jpg,Stand Alone Complex s01e03 A Modest Rebellion - ANDROID AND I #GhostInTheShell
https://raw.githubusercontent.com/roddie-digital/gits-sac/main/images/sacs1d1e3-05-30.jpg,Stand Alone Complex s01e03 A Modest Rebellion - ANDROID AND I #GhostInTheShell
https://raw.githubusercontent.com/roddie-digital/gits-sac/main/images/sacs1d1e3-06-00.jpg,Stand Alone Complex s01e03 A Modest Rebellion - ANDROID AND I #GhostInTheShell
https://raw.githubusercontent.com/roddie-digital/gits-sac/main/images/sacs1d1e3-06-30.jpg,Stand Alone Complex s01e03 A Modest Rebellion - ANDROID AND I #GhostInTheShell
https://raw.githubusercontent.com/roddie-digital/gits-sac/main/images/sacs1d1e3-07-00.jpg,Stand Alone Complex s01e03 A Modest Rebellion - ANDROID AND I #GhostInTheShell
https://raw.githubusercontent.com/roddie-digital/gits-sac/main/images/sacs1d1e3-07-30.jpg,Stand Alone Complex s01e03 A Modest Rebellion - ANDROID AND I #GhostInTheShell
https://raw.githubusercontent.com/roddie-digital/gits-sac/main/images/sacs1d1e3-08-00.jpg,Stand Alone Complex s01e03 A Modest Rebellion - ANDROID AND I #GhostInTheShell
https://raw.githubusercontent.com/roddie-digital/gits-sac/main/images/sacs1d1e3-08-30.jpg,Stand Alone Complex s01e03 A Modest Rebellion - ANDROID AND I #GhostInTheShell
https://raw.githubusercontent.com/roddie-digital/gits-sac/main/images/sacs1d1e3-09-00.jpg,Stand Alone Complex s01e03 A Modest Rebellion - ANDROID AND I #GhostInTheShell
https://raw.githubusercontent.com/roddie-digital/gits-sac/main/images/sacs1d1e3-09-30.jpg,Stand Alone Complex s01e03 A Modest Rebellion - ANDROID AND I #GhostInTheShell
https://raw.githubusercontent.com/roddie-digital/gits-sac/main/images/sacs1d1e3-10-00.jpg,Stand Alone Complex s01e03 A Modest Rebellion - ANDROID AND I #GhostInTheShell
https://raw.githubusercontent.com/roddie-digital/gits-sac/main/images/sacs1d1e3-10-30.jpg,Stand Alone Complex s01e03 A Modest Rebellion - ANDROID AND I #GhostInTheShell
https://raw.githubusercontent.com/roddie-digital/gits-sac/main/images/sacs1d1e3-11-00.jpg,Stand Alone Complex s01e03 A Modest Rebellion - ANDROID AND I #GhostInTheShell
https://raw.githubusercontent.com/roddie-digital/gits-sac/main/images/sacs1d1e3-11-30.jpg,Stand Alone Complex s01e03 A Modest Rebellion - ANDROID AND I #GhostInTheShell
https://raw.githubusercontent.com/roddie-digital/gits-sac/main/images/sacs1d1e3-12-00.jpg,Stand Alone Complex s01e03 A Modest Rebellion - ANDROID AND I #GhostInTheShell
https://raw.githubusercontent.com/roddie-digital/gits-sac/main/images/sacs1d1e3-12-30.jpg,Stand Alone Complex s01e03 A Modest Rebellion - ANDROID AND I #GhostInTheShell
https://raw.githubusercontent.com/roddie-digital/gits-sac/main/images/sacs1d1e3-13-00.jpg,Stand Alone Complex s01e03 A Modest Rebellion - ANDROID AND I #GhostInTheShell
https://raw.githubusercontent.com/roddie-digital/gits-sac/main/images/sacs1d1e3-13-30.jpg,Stand Alone Complex s01e03 A Modest Rebellion - ANDROID AND I #GhostInTheShell
https://raw.githubusercontent.com/roddie-digital/gits-sac/main/images/sacs1d1e3-14-00.jpg,Stand Alone Complex s01e03 A Modest Rebellion - ANDROID AND I #GhostInTheShell
https://raw.githubusercontent.com/roddie-digital/gits-sac/main/images/sacs1d1e3-14-30.jpg,Stand Alone Complex s01e03 A Modest Rebellion - ANDROID AND I #GhostInTheShell
https://raw.githubusercontent.com/roddie-digital/gits-sac/main/images/sacs1d1e3-15-00.jpg,Stand Alone Complex s01e03 A Modest Rebellion - ANDROID AND I #GhostInTheShell
https://raw.githubusercontent.com/roddie-digital/gits-sac/main/images/sacs1d1e3-15-30.jpg,Stand Alone Complex s01e03 A Modest Rebellion - ANDROID AND I #GhostInTheShell
https://raw.githubusercontent.com/roddie-digital/gits-sac/main/images/sacs1d1e3-16-00.jpg,Stand Alone Complex s01e03 A Modest Rebellion - ANDROID AND I #GhostInTheShell
https://raw.githubusercontent.com/roddie-digital/gits-sac/main/images/sacs1d1e3-16-30.jpg,Stand Alone Complex s01e03 A Modest Rebellion - ANDROID AND I #GhostInTheShell
https://raw.githubusercontent.com/roddie-digital/gits-sac/main/images/sacs1d1e3-17-00.jpg,Stand Alone Complex s01e03 A Modest Rebellion - ANDROID AND I #GhostInTheShell
https://raw.githubusercontent.com/roddie-digital/gits-sac/main/images/sacs1d1e3-17-30.jpg,Stand Alone Complex s01e03 A Modest Rebellion - ANDROID AND I #GhostInTheShell
https://raw.githubusercontent.com/roddie-digital/gits-sac/main/images/sacs1d1e3-18-30.jpg,Stand Alone Complex s01e03 A Modest Rebellion - ANDROID AND I #GhostInTheShell
https://raw.githubusercontent.com/roddie-digital/gits-sac/main/images/sacs1d1e3-19-00.jpg,Stand Alone Complex s01e03 A Modest Rebellion - ANDROID AND I #GhostInTheShell
https://raw.githubusercontent.com/roddie-digital/gits-sac/main/images/sacs1d1e3-19-30.jpg,Stand Alone Complex s01e03 A Modest Rebellion - ANDROID AND I #GhostInTheShell
https://raw.githubusercontent.com/roddie-digital/gits-sac/main/images/sacs1d1e3-20-00.jpg,Stand Alone Complex s01e03 A Modest Rebellion - ANDROID AND I #GhostInTheShell
https://raw.githubusercontent.com/roddie-digital/gits-sac/main/images/sacs1d1e3-20-30.jpg,Stand Alone Complex s01e03 A Modest Rebellion - ANDROID AND I #GhostInTheShell
https://raw.githubusercontent.com/roddie-digital/gits-sac/main/images/sacs1d1e3-21-00.jpg,Stand Alone Complex s01e03 A Modest Rebellion - ANDROID AND I #GhostInTheShell
https://raw.githubusercontent.com/roddie-digital/gits-sac/main/images/sacs1d1e3-22-00.jpg,Stand Alone Complex s01e03 A Modest Rebellion - ANDROID AND I #GhostInTheShell
https://raw.githubusercontent.com/roddie-digital/gits-sac/main/images/sacs1d1e3-22-30.jpg,Stand Alone Complex s01e03 A Modest Rebellion - ANDROID AND I #GhostInTheShell
https://raw.githubusercontent.com/roddie-digital/gits-sac/main/images/sacs1d1e3-25-00.jpg,Stand Alone Complex s01e03 A Modest Rebellion - ANDROID AND I #GhostInTheShell
https://raw.githubusercontent.com/roddie-digital/gits-sac/main/images/sacs1d1e4-02-00.jpg,Stand Alone Complex s01e04 The Visual Device will Laugh - INTERCEPTER #GhostInTheShell
https://raw.githubusercontent.com/roddie-digital/gits-sac/main/images/sacs1d1e4-02-30.jpg,Stand Alone Complex s01e04 The Visual Device will Laugh - INTERCEPTER #GhostInTheShell
https://raw.githubusercontent.com/roddie-digital/gits-sac/main/images/sacs1d1e4-03-00.jpg,Stand Alone Complex s01e04 The Visual Device will Laugh - INTERCEPTER #GhostInTheShell
https://raw.githubusercontent.com/roddie-digital/gits-sac/main/images/sacs1d1e4-03-30.jpg,Stand Alone Complex s01e04 The Visual Device will Laugh - INTERCEPTER #GhostInTheShell
https://raw.githubusercontent.com/roddie-digital/gits-sac/main/images/sacs1d1e4-04-00.jpg,Stand Alone Complex s01e04 The Visual Device will Laugh - INTERCEPTER #GhostInTheShell
https://raw.githubusercontent.com/roddie-digital/gits-sac/main/images/sacs1d1e4-04-30.jpg,Stand Alone Complex s01e04 The Visual Device will Laugh - INTERCEPTER #GhostInTheShell
https://raw.githubusercontent.com/roddie-digital/gits-sac/main/images/sacs1d1e4-05-00.jpg,Stand Alone Complex s01e04 The Visual Device will Laugh - INTERCEPTER #GhostInTheShell
https://raw.githubusercontent.com/roddie-digital/gits-sac/main/images/sacs1d1e4-05-30.jpg,Stand Alone Complex s01e04 The Visual Device will Laugh - INTERCEPTER #GhostInTheShell
https://raw.githubusercontent.com/roddie-digital/gits-sac/main/images/sacs1d1e4-06-00.jpg,Stand Alone Complex s01e04 The Visual Device will Laugh - INTERCEPTER #GhostInTheShell
https://raw.githubusercontent.com/roddie-digital/gits-sac/main/images/sacs1d1e4-06-30.jpg,Stand Alone Complex s01e04 The Visual Device will Laugh - INTERCEPTER #GhostInTheShell
https://raw.githubusercontent.com/roddie-digital/gits-sac/main/images/sacs1d1e4-07-00.jpg,Stand Alone Complex s01e04 The Visual Device will Laugh - INTERCEPTER #GhostInTheShell
https://raw.githubusercontent.com/roddie-digital/gits-sac/main/images/sacs1d1e4-07-30.jpg,Stand Alone Complex s01e04 The Visual Device will Laugh - INTERCEPTER #GhostInTheShell
https://raw.githubusercontent.com/roddie-digital/gits-sac/main/images/sacs1d1e4-08-00.jpg,Stand Alone Complex s01e04 The Visual Device will Laugh - INTERCEPTER #GhostInTheShell
https://raw.githubusercontent.com/roddie-digital/gits-sac/main/images/sacs1d1e4-08-30.jpg,Stand Alone Complex s01e04 The Visual Device will Laugh - INTERCEPTER #GhostInTheShell
https://raw.githubusercontent.com/roddie-digital/gits-sac/main/images/sacs1d1e4-09-00.jpg,Stand Alone Complex s01e04 The Visual Device will Laugh - INTERCEPTER #GhostInTheShell
https://raw.githubusercontent.com/roddie-digital/gits-sac/main/images/sacs1d1e4-09-30.jpg,Stand Alone Complex s01e04 The Visual Device will Laugh - INTERCEPTER #GhostInTheShell
https://raw.githubusercontent.com/roddie-digital/gits-sac/main/images/sacs1d1e4-10-00.jpg,Stand Alone Complex s01e04 The Visual Device will Laugh - INTERCEPTER #GhostInTheShell
https://raw.githubusercontent.com/roddie-digital/gits-sac/main/images/sacs1d1e4-10-30.jpg,Stand Alone Complex s01e04 The Visual Device will Laugh - INTERCEPTER #GhostInTheShell
https://raw.githubusercontent.com/roddie-digital/gits-sac/main/images/sacs1d1e4-11-00.jpg,Stand Alone Complex s01e04 The Visual Device will Laugh - INTERCEPTER #GhostInTheShell
https://raw.githubusercontent.com/roddie-digital/gits-sac/main/images/sacs1d1e4-11-30.jpg,Stand Alone Complex s01e04 The Visual Device will Laugh - INTERCEPTER #GhostInTheShell
https://raw.githubusercontent.com/roddie-digital/gits-sac/main/images/sacs1d1e4-12-00.jpg,Stand Alone Complex s01e04 The Visual Device will Laugh - INTERCEPTER #GhostInTheShell
https://raw.githubusercontent.com/roddie-digital/gits-sac/main/images/sacs1d1e4-12-30.jpg,Stand Alone Complex s01e04 The Visual Device will Laugh - INTERCEPTER #GhostInTheShell
https://raw.githubusercontent.com/roddie-digital/gits-sac/main/images/sacs1d1e4-13-00.jpg,Stand Alone Complex s01e04 The Visual Device will Laugh - INTERCEPTER #GhostInTheShell
https://raw.githubusercontent.com/roddie-digital/gits-sac/main/images/sacs1d1e4-13-30.jpg,Stand Alone Complex s01e04 The Visual Device will Laugh - INTERCEPTER #GhostInTheShell
https://raw.githubusercontent.com/roddie-digital/gits-sac/main/images/sacs1d1e4-14-00.jpg,Stand Alone Complex s01e04 The Visual Device will Laugh - INTERCEPTER #GhostInTheShell
https://raw.githubusercontent.com/roddie-digital/gits-sac/main/images/sacs1d1e4-14-30.jpg,Stand Alone Complex s01e04 The Visual Device will Laugh - INTERCEPTER #GhostInTheShell
https://raw.githubusercontent.com/roddie-digital/gits-sac/main/images/sacs1d1e4-15-00.jpg,Stand Alone Complex s01e04 The Visual Device will Laugh - INTERCEPTER #GhostInTheShell
https://raw.githubusercontent.com/roddie-digital/gits-sac/main/images/sacs1d1e4-15-30.jpg,Stand Alone Complex s01e04 The Visual Device will Laugh - INTERCEPTER #GhostInTheShell
https://raw.githubusercontent.com/roddie-digital/gits-sac/main/images/sacs1d1e4-16-00.jpg,Stand Alone Complex s01e04 The Visual Device will Laugh - INTERCEPTER #GhostInTheShell
https://raw.githubusercontent.com/roddie-digital/gits-sac/main/images/sacs1d1e4-16-30.jpg,Stand Alone Complex s01e04 The Visual Device will Laugh - INTERCEPTER #GhostInTheShell
https://raw.githubusercontent.com/roddie-digital/gits-sac/main/images/sacs1d1e4-17-00.jpg,Stand Alone Complex s01e04 The Visual Device will Laugh - INTERCEPTER #GhostInTheShell
https://raw.githubusercontent.com/roddie-digital/gits-sac/main/images/sacs1d1e4-17-30.jpg,Stand Alone Complex s01e04 The Visual Device will Laugh - INTERCEPTER #GhostInTheShell
https://raw.githubusercontent.com/roddie-digital/gits-sac/main/images/sacs1d1e4-18-00.jpg,Stand Alone Complex s01e04 The Visual Device will Laugh - INTERCEPTER #GhostInTheShell
https://raw.githubusercontent.com/roddie-digital/gits-sac/main/images/sacs1d1e4-18-30.jpg,Stand Alone Complex s01e04 The Visual Device will Laugh - INTERCEPTER #GhostInTheShell
https://raw.githubusercontent.com/roddie-digital/gits-sac/main/images/sacs1d1e4-19-00.jpg,Stand Alone Complex s01e04 The Visual Device will Laugh - INTERCEPTER #GhostInTheShell
https://raw.githubusercontent.com/roddie-digital/gits-sac/main/images/sacs1d1e4-19-30.jpg,Stand Alone Complex s01e04 The Visual Device will Laugh - INTERCEPTER #GhostInTheShell
https://raw.githubusercontent.com/roddie-digital/gits-sac/main/images/sacs1d1e4-20-00.jpg,Stand Alone Complex s01e04 The Visual Device will Laugh - INTERCEPTER #GhostInTheShell
https://raw.githubusercontent.com/roddie-digital/gits-sac/main/images/sacs1d1e4-20-30.jpg,Stand Alone Complex s01e04 The Visual Device will Laugh - INTERCEPTER #GhostInTheShell
https://raw.githubusercontent.com/roddie-digital/gits-sac/main/images/sacs1d1e4-21-00.jpg,Stand Alone Complex s01e04 The Visual Device will Laugh - INTERCEPTER #GhostInTheShell
https://raw.githubusercontent.com/roddie-digital/gits-sac/main/images/sacs1d1e4-21-30.jpg,Stand Alone Complex s01e04 The Visual Device will Laugh - INTERCEPTER #GhostInTheShell
https://raw.githubusercontent.com/roddie-digital/gits-sac/main/images/sacs1d1e4-22-00.jpg,Stand Alone Complex s01e04 The Visual Device will Laugh - INTERCEPTER #GhostInTheShell
https://raw.githubusercontent.com/roddie-digital/gits-sac/main/images/sacs1d1e4-22-30.jpg,Stand Alone Complex s01e04 The Visual Device will Laugh - INTERCEPTER #GhostInTheShell
https://raw.githubusercontent.com/roddie-digital/gits-sac/main/images/sacs1d1e4-25-00.jpg,Stand Alone Complex s01e04 The Visual Device will Laugh - INTERCEPTER #GhostInTheShell
https://raw.githubusercontent.com/roddie-digital/gits-sac/main/images/sacs1d1e5-02-00.jpg,Stand Alone Complex s01e05 The Inviting Bird will Chant - DECOY #GhostInTheShell
https://raw.githubusercontent.com/roddie-digital/gits-sac/main/images/sacs1d1e5-03-00.jpg,Stand Alone Complex s01e05 The Inviting Bird will Chant - DECOY #GhostInTheShell
https://raw.githubusercontent.com/roddie-digital/gits-sac/main/images/sacs1d1e5-03-30.jpg,Stand Alone Complex s01e05 The Inviting Bird will Chant - DECOY #GhostInTheShell
https://raw.githubusercontent.com/roddie-digital/gits-sac/main/images/sacs1d1e5-04-00.jpg,Stand Alone Complex s01e05 The Inviting Bird will Chant - DECOY #GhostInTheShell
https://raw.githubusercontent.com/roddie-digital/gits-sac/main/images/sacs1d1e5-04-30.jpg,Stand Alone Complex s01e05 The Inviting Bird will Chant - DECOY #GhostInTheShell
https://raw.githubusercontent.com/roddie-digital/gits-sac/main/images/sacs1d1e5-05-00.jpg,Stand Alone Complex s01e05 The Inviting Bird will Chant - DECOY #GhostInTheShell
https://raw.githubusercontent.com/roddie-digital/gits-sac/main/images/sacs1d1e5-05-30.jpg,Stand Alone Complex s01e05 The Inviting Bird will Chant - DECOY #GhostInTheShell
https://raw.githubusercontent.com/roddie-digital/gits-sac/main/images/sacs1d1e5-06-30.jpg,Stand Alone Complex s01e05 The Inviting Bird will Chant - DECOY #GhostInTheShell
https://raw.githubusercontent.com/roddie-digital/gits-sac/main/images/sacs1d1e5-07-00.jpg,Stand Alone Complex s01e05 The Inviting Bird will Chant - DECOY #GhostInTheShell
https://raw.githubusercontent.com/roddie-digital/gits-sac/main/images/sacs1d1e5-07-30.jpg,Stand Alone Complex s01e05 The Inviting Bird will Chant - DECOY #GhostInTheShell
https://raw.githubusercontent.com/roddie-digital/gits-sac/main/images/sacs1d1e5-08-00.jpg,Stand Alone Complex s01e05 The Inviting Bird will Chant - DECOY #GhostInTheShell
https://raw.githubusercontent.com/roddie-digital/gits-sac/main/images/sacs1d1e5-08-30.jpg,Stand Alone Complex s01e05 The Inviting Bird will Chant - DECOY #GhostInTheShell
https://raw.githubusercontent.com/roddie-digital/gits-sac/main/images/sacs1d1e5-09-00.jpg,Stand Alone Complex s01e05 The Inviting Bird will Chant - DECOY #GhostInTheShell
https://raw.githubusercontent.com/roddie-digital/gits-sac/main/images/sacs1d1e5-09-30.jpg,Stand Alone Complex s01e05 The Inviting Bird will Chant - DECOY #GhostInTheShell
https://raw.githubusercontent.com/roddie-digital/gits-sac/main/images/sacs1d1e5-10-00.jpg,Stand Alone Complex s01e05 The Inviting Bird will Chant - DECOY #GhostInTheShell
https://raw.githubusercontent.com/roddie-digital/gits-sac/main/images/sacs1d1e5-10-30.jpg,Stand Alone Complex s01e05 The Inviting Bird will Chant - DECOY #GhostInTheShell
https://raw.githubusercontent.com/roddie-digital/gits-sac/main/images/sacs1d1e5-11-00.jpg,Stand Alone Complex s01e05 The Inviting Bird will Chant - DECOY #GhostInTheShell
https://raw.githubusercontent.com/roddie-digital/gits-sac/main/images/sacs1d1e5-11-30.jpg,Stand Alone Complex s01e05 The Inviting Bird will Chant - DECOY #GhostInTheShell
https://raw.githubusercontent.com/roddie-digital/gits-sac/main/images/sacs1d1e5-12-00.jpg,Stand Alone Complex s01e05 The Inviting Bird will Chant - DECOY #GhostInTheShell
https://raw.githubusercontent.com/roddie-digital/gits-sac/main/images/sacs1d1e5-12-30.jpg,Stand Alone Complex s01e05 The Inviting Bird will Chant - DECOY #GhostInTheShell
https://raw.githubusercontent.com/roddie-digital/gits-sac/main/images/sacs1d1e5-13-00.jpg,Stand Alone Complex s01e05 The Inviting Bird will Chant - DECOY #GhostInTheShell
https://raw.githubusercontent.com/roddie-digital/gits-sac/main/images/sacs1d1e5-13-30.jpg,Stand Alone Complex s01e05 The Inviting Bird will Chant - DECOY #GhostInTheShell
https://raw.githubusercontent.com/roddie-digital/gits-sac/main/images/sacs1d1e5-14-00.jpg,Stand Alone Complex s01e05 The Inviting Bird will Chant - DECOY #GhostInTheShell
https://raw.githubusercontent.com/roddie-digital/gits-sac/main/images/sacs1d1e5-14-30.jpg,Stand Alone Complex s01e05 The Inviting Bird will Chant - DECOY #GhostInTheShell
https://raw.githubusercontent.com/roddie-digital/gits-sac/main/images/sacs1d1e5-15-00.jpg,Stand Alone Complex s01e05 The Inviting Bird will Chant - DECOY #GhostInTheShell
https://raw.githubusercontent.com/roddie-digital/gits-sac/main/images/sacs1d1e5-15-30.jpg,Stand Alone Complex s01e05 The Inviting Bird will Chant - DECOY #GhostInTheShell
https://raw.githubusercontent.com/roddie-digital/gits-sac/main/images/sacs1d1e5-16-00.jpg,Stand Alone Complex s01e05 The Inviting Bird will Chant - DECOY #GhostInTheShell
https://raw.githubusercontent.com/roddie-digital/gits-sac/main/images/sacs1d1e5-16-30.jpg,Stand Alone Complex s01e05 The Inviting Bird will Chant - DECOY #GhostInTheShell
https://raw.githubusercontent.com/roddie-digital/gits-sac/main/images/sacs1d1e5-17-00.jpg,Stand Alone Complex s01e05 The Inviting Bird will Chant - DECOY #GhostInTheShell
https://raw.githubusercontent.com/roddie-digital/gits-sac/main/images/sacs1d1e5-17-30.jpg,Stand Alone Complex s01e05 The Inviting Bird will Chant - DECOY #GhostInTheShell
https://raw.githubusercontent.com/roddie-digital/gits-sac/main/images/sacs1d1e5-18-00.jpg,Stand Alone Complex s01e05 The Inviting Bird will Chant - DECOY #GhostInTheShell
https://raw.githubusercontent.com/roddie-digital/gits-sac/main/images/sacs1d1e5-18-30.jpg,Stand Alone Complex s01e05 The Inviting Bird will Chant - DECOY #GhostInTheShell
https://raw.githubusercontent.com/roddie-digital/gits-sac/main/images/sacs1d1e5-19-00.jpg,Stand Alone Complex s01e05 The Inviting Bird will Chant - DECOY #GhostInTheShell
https://raw.githubusercontent.com/roddie-digital/gits-sac/main/images/sacs1d1e5-19-30.jpg,Stand Alone Complex s01e05 The Inviting Bird will Chant - DECOY #GhostInTheShell
https://raw.githubusercontent.com/roddie-digital/gits-sac/main/images/sacs1d1e5-20-00.jpg,Stand Alone Complex s01e05 The Inviting Bird will Chant - DECOY #GhostInTheShell
https://raw.githubusercontent.com/roddie-digital/gits-sac/main/images/sacs1d1e5-20-30.jpg,Stand Alone Complex s01e05 The Inviting Bird will Chant - DECOY #GhostInTheShell
https://raw.githubusercontent.com/roddie-digital/gits-sac/main/images/sacs1d1e5-21-00.jpg,Stand Alone Complex s01e05 The Inviting Bird will Chant - DECOY #GhostInTheShell
https://raw.githubusercontent.com/roddie-digital/gits-sac/main/images/sacs1d1e5-21-30.jpg,Stand Alone Complex s01e05 The Inviting Bird will Chant - DECOY #GhostInTheShell
https://raw.githubusercontent.com/roddie-digital/gits-sac/main/images/sacs1d1e5-22-00.jpg,Stand Alone Complex s01e05 The Inviting Bird will Chant - DECOY #GhostInTheShell
https://raw.githubusercontent.com/roddie-digital/gits-sac/main/images/sacs1d1e5-22-30.jpg,Stand Alone Complex s01e05 The Inviting Bird will Chant - DECOY #GhostInTheShell
https://raw.githubusercontent.com/roddie-digital/gits-sac/main/images/sacs1d1e5-25-00.jpg,Stand Alone Complex s01e05 The Inviting Bird will Chant - DECOY #GhostInTheShell
https://raw.githubusercontent.com/roddie-digital/gits-sac/main/images/sacs1d1e6-03-30.jpg,Stand Alone Complex s01e06 The Copycat will Dance - MEME #GhostInTheShell
https://raw.githubusercontent.com/roddie-digital/gits-sac/main/images/sacs1d1e6-04-00.jpg,Stand Alone Complex s01e06 The Copycat will Dance - MEME #GhostInTheShell
https://raw.githubusercontent.com/roddie-digital/gits-sac/main/images/sacs1d1e6-04-30.jpg,Stand Alone Complex s01e06 The Copycat will Dance - MEME #GhostInTheShell
https://raw.githubusercontent.com/roddie-digital/gits-sac/main/images/sacs1d1e6-05-00.jpg,Stand Alone Complex s01e06 The Copycat will Dance - MEME #GhostInTheShell
https://raw.githubusercontent.com/roddie-digital/gits-sac/main/images/sacs1d1e6-05-30.jpg,Stand Alone Complex s01e06 The Copycat will Dance - MEME #GhostInTheShell
https://raw.githubusercontent.com/roddie-digital/gits-sac/main/images/sacs1d1e6-06-00.jpg,Stand Alone Complex s01e06 The Copycat will Dance - MEME #GhostInTheShell
https://raw.githubusercontent.com/roddie-digital/gits-sac/main/images/sacs1d1e6-06-30.jpg,Stand Alone Complex s01e06 The Copycat will Dance - MEME #GhostInTheShell
https://raw.githubusercontent.com/roddie-digital/gits-sac/main/images/sacs1d1e6-07-00.jpg,Stand Alone Complex s01e06 The Copycat will Dance - MEME #GhostInTheShell
https://raw.githubusercontent.com/roddie-digital/gits-sac/main/images/sacs1d1e6-07-30.jpg,Stand Alone Complex s01e06 The Copycat will Dance - MEME #GhostInTheShell
https://raw.githubusercontent.com/roddie-digital/gits-sac/main/images/sacs1d1e6-08-00.jpg,Stand Alone Complex s01e06 The Copycat will Dance - MEME #GhostInTheShell
https://raw.githubusercontent.com/roddie-digital/gits-sac/main/images/sacs1d1e6-08-30.jpg,Stand Alone Complex s01e06 The Copycat will Dance - MEME #GhostInTheShell
https://raw.githubusercontent.com/roddie-digital/gits-sac/main/images/sacs1d1e6-09-00.jpg,Stand Alone Complex s01e06 The Copycat will Dance - MEME #GhostInTheShell
https://raw.githubusercontent.com/roddie-digital/gits-sac/main/images/sacs1d1e6-09-30.jpg,Stand Alone Complex s01e06 The Copycat will Dance - MEME #GhostInTheShell
https://raw.githubusercontent.com/roddie-digital/gits-sac/main/images/sacs1d1e6-10-00.jpg,Stand Alone Complex s01e06 The Copycat will Dance - MEME #GhostInTheShell
https://raw.githubusercontent.com/roddie-digital/gits-sac/main/images/sacs1d1e6-10-30.jpg,Stand Alone Complex s01e06 The Copycat will Dance - MEME #GhostInTheShell
https://raw.githubusercontent.com/roddie-digital/gits-sac/main/images/sacs1d1e6-11-00.jpg,Stand Alone Complex s01e06 The Copycat will Dance - MEME #GhostInTheShell
https://raw.githubusercontent.com/roddie-digital/gits-sac/main/images/sacs1d1e6-11-30.jpg,Stand Alone Complex s01e06 The Copycat will Dance - MEME #GhostInTheShell
https://raw.githubusercontent.com/roddie-digital/gits-sac/main/images/sacs1d1e6-12-00.jpg,Stand Alone Complex s01e06 The Copycat will Dance - MEME #GhostInTheShell
https://raw.githubusercontent.com/roddie-digital/gits-sac/main/images/sacs1d1e6-12-30.jpg,Stand Alone Complex s01e06 The Copycat will Dance - MEME #GhostInTheShell
https://raw.githubusercontent.com/roddie-digital/gits-sac/main/images/sacs1d1e6-13-00.jpg,Stand Alone Complex s01e06 The Copycat will Dance - MEME #GhostInTheShell
https://raw.githubusercontent.com/roddie-digital/gits-sac/main/images/sacs1d1e6-13-30.jpg,Stand Alone Complex s01e06 The Copycat will Dance - MEME #GhostInTheShell
https://raw.githubusercontent.com/roddie-digital/gits-sac/main/images/sacs1d1e6-14-00.jpg,Stand Alone Complex s01e06 The Copycat will Dance - MEME #GhostInTheShell
https://raw.githubusercontent.com/roddie-digital/gits-sac/main/images/sacs1d1e6-14-30.jpg,Stand Alone Complex s01e06 The Copycat will Dance - MEME #GhostInTheShell
https://raw.githubusercontent.com/roddie-digital/gits-sac/main/images/sacs1d1e6-15-00.jpg,Stand Alone Complex s01e06 The Copycat will Dance - MEME #GhostInTheShell
https://raw.githubusercontent.com/roddie-digital/gits-sac/main/images/sacs1d1e6-15-30.jpg,Stand Alone Complex s01e06 The Copycat will Dance - MEME #GhostInTheShell
https://raw.githubusercontent.com/roddie-digital/gits-sac/main/images/sacs1d1e6-16-00.jpg,Stand Alone Complex s01e06 The Copycat will Dance - MEME #GhostInTheShell
https://raw.githubusercontent.com/roddie-digital/gits-sac/main/images/sacs1d1e6-16-30.jpg,Stand Alone Complex s01e06 The Copycat will Dance - MEME #GhostInTheShell
https://raw.githubusercontent.com/roddie-digital/gits-sac/main/images/sacs1d1e6-17-30.jpg,Stand Alone Complex s01e06 The Copycat will Dance - MEME #GhostInTheShell
https://raw.githubusercontent.com/roddie-digital/gits-sac/main/images/sacs1d1e6-18-00.jpg,Stand Alone Complex s01e06 The Copycat will Dance - MEME #GhostInTheShell
https://raw.githubusercontent.com/roddie-digital/gits-sac/main/images/sacs1d1e6-18-30.jpg,Stand Alone Complex s01e06 The Copycat will Dance - MEME #GhostInTheShell
https://raw.githubusercontent.com/roddie-digital/gits-sac/main/images/sacs1d1e6-19-00.jpg,Stand Alone Complex s01e06 The Copycat will Dance - MEME #GhostInTheShell
https://raw.githubusercontent.com/roddie-digital/gits-sac/main/images/sacs1d1e6-19-30.jpg,Stand Alone Complex s01e06 The Copycat will Dance - MEME #GhostInTheShell
https://raw.githubusercontent.com/roddie-digital/gits-sac/main/images/sacs1d1e6-20-00.jpg,Stand Alone Complex s01e06 The Copycat will Dance - MEME #GhostInTheShell
https://raw.githubusercontent.com/roddie-digital/gits-sac/main/images/sacs1d1e6-20-30.jpg,Stand Alone Complex s01e06 The Copycat will Dance - MEME #GhostInTheShell
https://raw.githubusercontent.com/roddie-digital/gits-sac/main/images/sacs1d1e6-21-00.jpg,Stand Alone Complex s01e06 The Copycat will Dance - MEME #GhostInTheShell
https://raw.githubusercontent.com/roddie-digital/gits-sac/main/images/sacs1d1e6-21-30.jpg,Stand Alone Complex s01e06 The Copycat will Dance - MEME #GhostInTheShell
https://raw.githubusercontent.com/roddie-digital/gits-sac/main/images/sacs1d1e6-22-00.jpg,Stand Alone Complex s01e06 The Copycat will Dance - MEME #GhostInTheShell
https://raw.githubusercontent.com/roddie-digital/gits-sac/main/images/sacs1d1e6-22-30.jpg,Stand Alone Complex s01e06 The Copycat will Dance - MEME #GhostInTheShell
https://raw.githubusercontent.com/roddie-digital/gits-sac/main/images/sacs1d1e7-03-30.jpg,Stand Alone Complex s01e07 Idolatry - IDOLATOR #GhostInTheShell
https://raw.githubusercontent.com/roddie-digital/gits-sac/main/images/sacs1d1e7-04-30.jpg,Stand Alone Complex s01e07 Idolatry - IDOLATOR #GhostInTheShell
https://raw.githubusercontent.com/roddie-digital/gits-sac/main/images/sacs1d1e7-05-00.jpg,Stand Alone Complex s01e07 Idolatry - IDOLATOR #GhostInTheShell
https://raw.githubusercontent.com/roddie-digital/gits-sac/main/images/sacs1d1e7-05-30.jpg,Stand Alone Complex s01e07 Idolatry - IDOLATOR #GhostInTheShell
https://raw.githubusercontent.com/roddie-digital/gits-sac/main/images/sacs1d1e7-06-00.jpg,Stand Alone Complex s01e07 Idolatry - IDOLATOR #GhostInTheShell
https://raw.githubusercontent.com/roddie-digital/gits-sac/main/images/sacs1d1e7-07-00.jpg,Stand Alone Complex s01e07 Idolatry - IDOLATOR #GhostInTheShell
https://raw.githubusercontent.com/roddie-digital/gits-sac/main/images/sacs1d1e7-07-30.jpg,Stand Alone Complex s01e07 Idolatry - IDOLATOR #GhostInTheShell
https://raw.githubusercontent.com/roddie-digital/gits-sac/main/images/sacs1d1e7-08-00.jpg,Stand Alone Complex s01e07 Idolatry - IDOLATOR #GhostInTheShell
https://raw.githubusercontent.com/roddie-digital/gits-sac/main/images/sacs1d1e7-08-30.jpg,Stand Alone Complex s01e07 Idolatry - IDOLATOR #GhostInTheShell
https://raw.githubusercontent.com/roddie-digital/gits-sac/main/images/sacs1d1e7-09-00.jpg,Stand Alone Complex s01e07 Idolatry - IDOLATOR #GhostInTheShell
https://raw.githubusercontent.com/roddie-digital/gits-sac/main/images/sacs1d1e7-09-30.jpg,Stand Alone Complex s01e07 Idolatry - IDOLATOR #GhostInTheShell
https://raw.githubusercontent.com/roddie-digital/gits-sac/main/images/sacs1d1e7-10-00.jpg,Stand Alone Complex s01e07 Idolatry - IDOLATOR #GhostInTheShell
https://raw.githubusercontent.com/roddie-digital/gits-sac/main/images/sacs1d1e7-10-30.jpg,Stand Alone Complex s01e07 Idolatry - IDOLATOR #GhostInTheShell
https://raw.githubusercontent.com/roddie-digital/gits-sac/main/images/sacs1d1e7-11-00.jpg,Stand Alone Complex s01e07 Idolatry - IDOLATOR #GhostInTheShell
https://raw.githubusercontent.com/roddie-digital/gits-sac/main/images/sacs1d1e7-11-30.jpg,Stand Alone Complex s01e07 Idolatry - IDOLATOR #GhostInTheShell
https://raw.githubusercontent.com/roddie-digital/gits-sac/main/images/sacs1d1e7-12-00.jpg,Stand Alone Complex s01e07 Idolatry - IDOLATOR #GhostInTheShell
https://raw.githubusercontent.com/roddie-digital/gits-sac/main/images/sacs1d1e7-12-30.jpg,Stand Alone Complex s01e07 Idolatry - IDOLATOR #GhostInTheShell
https://raw.githubusercontent.com/roddie-digital/gits-sac/main/images/sacs1d1e7-13-00.jpg,Stand Alone Complex s01e07 Idolatry - IDOLATOR #GhostInTheShell
https://raw.githubusercontent.com/roddie-digital/gits-sac/main/images/sacs1d1e7-13-30.jpg,Stand Alone Complex s01e07 Idolatry - IDOLATOR #GhostInTheShell
https://raw.githubusercontent.com/roddie-digital/gits-sac/main/images/sacs1d1e7-14-00.jpg,Stand Alone Complex s01e07 Idolatry - IDOLATOR #GhostInTheShell
https://raw.githubusercontent.com/roddie-digital/gits-sac/main/images/sacs1d1e7-14-30.jpg,Stand Alone Complex s01e07 Idolatry - IDOLATOR #GhostInTheShell
https://raw.githubusercontent.com/roddie-digital/gits-sac/main/images/sacs1d1e7-15-00.jpg,Stand Alone Complex s01e07 Idolatry - IDOLATOR #GhostInTheShell
https://raw.githubusercontent.com/roddie-digital/gits-sac/main/images/sacs1d1e7-15-30.jpg,Stand Alone Complex s01e07 Idolatry - IDOLATOR #GhostInTheShell
https://raw.githubusercontent.com/roddie-digital/gits-sac/main/images/sacs1d1e7-16-00.jpg,Stand Alone Complex s01e07 Idolatry - IDOLATOR #GhostInTheShell
https://raw.githubusercontent.com/roddie-digital/gits-sac/main/images/sacs1d1e7-16-30.jpg,Stand Alone Complex s01e07 Idolatry - IDOLATOR #GhostInTheShell
https://raw.githubusercontent.com/roddie-digital/gits-sac/main/images/sacs1d1e7-17-00.jpg,Stand Alone Complex s01e07 Idolatry - IDOLATOR #GhostInTheShell
https://raw.githubusercontent.com/roddie-digital/gits-sac/main/images/sacs1d1e7-17-30.jpg,Stand Alone Complex s01e07 Idolatry - IDOLATOR #GhostInTheShell
https://raw.githubusercontent.com/roddie-digital/gits-sac/main/images/sacs1d1e7-18-00.jpg,Stand Alone Complex s01e07 Idolatry - IDOLATOR #GhostInTheShell
https://raw.githubusercontent.com/roddie-digital/gits-sac/main/images/sacs1d1e7-18-30.jpg,Stand Alone Complex s01e07 Idolatry - IDOLATOR #GhostInTheShell
https://raw.githubusercontent.com/roddie-digital/gits-sac/main/images/sacs1d1e7-19-00.jpg,Stand Alone Complex s01e07 Idolatry - IDOLATOR #GhostInTheShell
https://raw.githubusercontent.com/roddie-digital/gits-sac/main/images/sacs1d1e7-19-30.jpg,Stand Alone Complex s01e07 Idolatry - IDOLATOR #GhostInTheShell
https://raw.githubusercontent.com/roddie-digital/gits-sac/main/images/sacs1d1e7-20-00.jpg,Stand Alone Complex s01e07 Idolatry - IDOLATOR #GhostInTheShell
https://raw.githubusercontent.com/roddie-digital/gits-sac/main/images/sacs1d1e7-20-30.jpg,Stand Alone Complex s01e07 Idolatry - IDOLATOR #GhostInTheShell
https://raw.githubusercontent.com/roddie-digital/gits-sac/main/images/sacs1d1e7-21-00.jpg,Stand Alone Complex s01e07 Idolatry - IDOLATOR #GhostInTheShell
https://raw.githubusercontent.com/roddie-digital/gits-sac/main/images/sacs1d1e7-21-30.jpg,Stand Alone Complex s01e07 Idolatry - IDOLATOR #GhostInTheShell
https://raw.githubusercontent.com/roddie-digital/gits-sac/main/images/sacs1d1e7-22-00.jpg,Stand Alone Complex s01e07 Idolatry - IDOLATOR #GhostInTheShell
https://raw.githubusercontent.com/roddie-digital/gits-sac/main/images/sacs1d1e7-22-30.jpg,Stand Alone Complex s01e07 Idolatry - IDOLATOR #GhostInTheShell
